Station_ID,Total_Sessions
18013,6
28100,6
12212,6
12738,6
20806,6
14158,6
16047,6
18348,6
20617,6
10143,5
19215,5
19236,5
22992,5
28668,5
28906,5
29932,5
18452,5
21964,5
23781,5
24257,5
25484,5
26451,5
11497,5
11575,5
11624,5
19426,5
21672,5
11958,5
12047,5
29187,5
24540,5
26301,5
12826,5
12917,5
13019,5
13066,5
19428,5
13457,5
20363,5
13740,5
22023,5
17864,5
23085,5
22779,5
24117,5
14679,5
24412,5
14865,5
15196,5
27199,5
16193,5
28353,5
18588,5
19136,5
17010,5
17187,5
29055,5
17251,5
20476,5
17366,5
21062,5
21655,5
21743,5
21924,5
27281,4
23978,4
25100,4
24937,4
25744,4
10169,4
10190,4
10209,4
21389,4
10224,4
10286,4
25374,4
28758,4
24511,4
10412,4
10484,4
20317,4
23110,4
10559,4
24121,4
24359,4
10589,4
25012,4
24949,4
24587,4
25083,4
26041,4
27327,4
10738,4
28396,4
29087,4
10803,4
10807,4
10860,4
20091,4
22306,4
22472,4
22739,4
11012,4
23243,4
23519,4
11103,4
23737,4
23952,4
11148,4
24116,4
24223,4
24222,4
11178,4
29748,4
11206,4
25003,4
11243,4
25416,4
25569,4
25457,4
11421,4
27302,4
27469,4
28028,4
11544,4
11561,4
11580,4
28779,4
29068,4
11638,4
29462,4
29525,4
18294,4
11677,4
18444,4
11741,4
19951,4
11797,4
20262,4
20142,4
21006,4
11926,4
21721,4
22024,4
22093,4
12093,4
22944,4
23184,4
12187,4
12199,4
23585,4
12287,4
23772,4
12292,4
23884,4
24070,4
24050,4
24416,4
12470,4
12472,4
12475,4
12488,4
24490,4
25789,4
25763,4
25850,4
12668,4
26104,4
26225,4
12727,4
12742,4
26459,4
26678,4
27212,4
12943,4
12946,4
27576,4
13031,4
13064,4
28321,4
13092,4
28513,4
28920,4
28399,4
29820,4
18099,4
18136,4
13236,4
13245,4
18309,4
13280,4
18598,4
19118,4
19277,4
19366,4
19460,4
19739,4
13536,4
20041,4
13549,4
20250,4
13630,4
20489,4
20706,4
20768,4
21162,4
21192,4
13760,4
21235,4
21875,4
13959,4
22219,4
13996,4
14003,4
22290,4
22328,4
14043,4
22386,4
22451,4
14072,4
14092,4
14150,4
22931,4
14275,4
23066,4
23129,4
23115,4
23106,4
23270,4
23308,4
14384,4
23507,4
23532,4
14501,4
14507,4
14546,4
14575,4
14576,4
23846,4
23823,4
24007,4
14637,4
24078,4
24307,4
24283,4
24274,4
24353,4
24422,4
14800,4
24575,4
14834,4
24485,4
14848,4
24818,4
24962,4
25131,4
25155,4
15020,4
25158,4
15056,4
15108,4
15121,4
25400,4
15175,4
25661,4
25756,4
25815,4
15273,4
15303,4
15330,4
26048,4
15343,4
26230,4
26236,4
15477,4
26505,4
26614,4
26586,4
26515,4
26404,4
15584,4
26661,4
26716,4
15633,4
26656,4
26810,4
15658,4
15659,4
26891,4
26911,4
15762,4
27172,4
27208,4
15849,4
27333,4
15891,4
27796,4
16029,4
27874,4
27948,4
27992,4
16106,4
16119,4
28320,4
28042,4
28540,4
28500,4
16304,4
16312,4
16336,4
28825,4
16342,4
29288,4
17912,4
29413,4
29313,4
29680,4
29471,4
29442,4
29523,4
29590,4
29627,4
28989,4
18160,4
16504,4
29945,4
16520,4
16527,4
18208,4
16550,4
16583,4
16584,4
18339,4
18325,4
18402,4
16781,4
18351,4
19035,4
19063,4
19255,4
19225,4
19488,4
16991,4
17002,4
19542,4
19532,4
19570,4
19550,4
19661,4
17068,4
17107,4
17117,4
17169,4
17178,4
20139,4
20193,4
20265,4
17268,4
20324,4
17292,4
20413,4
20613,4
20700,4
17422,4
20643,4
17634,4
21440,4
17646,4
17662,4
17707,4
21762,4
21827,4
21741,4
21606,4
27804,3
10005,3
18135,3
24881,3
10030,3
22920,3
29530,3
26744,3
25450,3
20311,3
10061,3
10063,3
10067,3
23779,3
22707,3
18699,3
10075,3
24843,3
27393,3
28884,3
24534,3
18179,3
10110,3
29785,3
22572,3
10120,3
22806,3
24126,3
23548,3
25342,3
10151,3
10152,3
10158,3
10161,3
26839,3
28103,3
10171,3
27793,3
10185,3
10188,3
29422,3
29789,3
10200,3
10203,3
18271,3
10254,3
10260,3
10275,3
24051,3
10298,3
10307,3
10313,3
25716,3
10326,3
26271,3
10341,3
27098,3
10366,3
26747,3
28736,3
17871,3
29260,3
18391,3
18869,3
18641,3
10417,3
18464,3
29996,3
10421,3
10422,3
10423,3
19389,3
19061,3
19826,3
20059,3
19922,3
20534,3
20444,3
20132,3
10474,3
21645,3
10481,3
10486,3
22053,3
29544,3
22283,3
22618,3
10503,3
10506,3
22579,3
10513,3
23024,3
22946,3
23089,3
23785,3
10579,3
23987,3
23353,3
24890,3
24909,3
10609,3
10611,3
25378,3
10628,3
10632,3
25317,3
24658,3
10645,3
10657,3
26248,3
26633,3
27191,3
10698,3
10699,3
27269,3
27632,3
26878,3
10721,3
10737,3
27745,3
28648,3
28515,3
10772,3
27829,3
18224,3
29124,3
29352,3
29691,3
18374,3
18626,3
29213,3
10838,3
19371,3
19262,3
10848,3
19567,3
19906,3
20267,3
20213,3
20409,3
20554,3
10907,3
20936,3
20702,3
21156,3
21623,3
21890,3
21680,3
22125,3
22197,3
29999,3
22446,3
22575,3
22694,3
22592,3
22995,3
11029,3
11035,3
22886,3
23183,3
11049,3
23151,3
11062,3
23279,3
11068,3
22238,3
23527,3
23561,3
11095,3
11101,3
11117,3
23813,3
23629,3
24087,3
11154,3
24297,3
11173,3
23927,3
11184,3
22327,3
11191,3
11194,3
11196,3
24816,3
24784,3
24733,3
24835,3
11230,3
11252,3
25077,3
25265,3
11288,3
11298,3
25673,3
25783,3
26077,3
25942,3
11345,3
25697,3
26316,3
26357,3
11361,3
26447,3
25684,3
11392,3
11397,3
11398,3
11399,3
26780,3
11401,3
11414,3
11416,3
27048,3
26915,3
11435,3
11457,3
27369,3
27241,3
27477,3
27608,3
11512,3
27875,3
11525,3
27917,3
27988,3
28246,3
11542,3
28299,3
27812,3
28419,3
28627,3
28544,3
11607,3
11608,3
11617,3
11619,3
11621,3
28716,3
11625,3
29177,3
29144,3
18133,3
29305,3
11646,3
11648,3
11653,3
18153,3
29218,3
18521,3
11692,3
18667,3
18732,3
11705,3
11708,3
29393,3
19234,3
11750,3
19758,3
19702,3
11783,3
19905,3
19861,3
11787,3
11788,3
11792,3
19851,3
11812,3
29217,3
11817,3
11818,3
11827,3
11833,3
20548,3
20638,3
20415,3
20754,3
20784,3
11871,3
20904,3
21084,3
11897,3
21262,3
21384,3
11917,3
11922,3
11928,3
21868,3
11942,3
11945,3
21333,3
11954,3
22069,3
11988,3
12005,3
20222,3
29319,3
22326,3
12013,3
12023,3
12026,3
22251,3
22390,3
22460,3
12055,3
22480,3
22413,3
22623,3
22643,3
22710,3
22698,3
22684,3
22750,3
22745,3
22673,3
12109,3
22245,3
22862,3
12120,3
12138,3
12139,3
12143,3
12148,3
22959,3
22797,3
12159,3
23107,3
23086,3
12163,3
23277,3
23317,3
23098,3
22237,3
23413,3
23575,3
12239,3
23542,3
23489,3
23620,3
23699,3
23816,3
12280,3
12283,3
12293,3
12298,3
23645,3
12311,3
12313,3
23986,3
23925,3
12339,3
24142,3
23935,3
24247,3
24408,3
12380,3
24426,3
12384,3
24619,3
24665,3
24660,3
24773,3
24689,3
24882,3
12465,3
12476,3
12492,3
12495,3
12497,3
12509,3
12513,3
12516,3
12518,3
12519,3
24831,3
12523,3
25133,3
12547,3
25247,3
12554,3
12556,3
25273,3
25297,3
25266,3
12587,3
12594,3
25547,3
12603,3
25632,3
12648,3
25659,3
25939,3
25980,3
26018,3
26092,3
12685,3
26079,3
26110,3
26145,3
12699,3
26007,3
26253,3
26184,3
26308,3
26322,3
26342,3
12752,3
12762,3
26503,3
12766,3
26465,3
12771,3
26572,3
26566,3
26728,3
26761,3
26726,3
12818,3
12823,3
12830,3
26841,3
27024,3
12862,3
26977,3
27058,3
27124,3
27087,3
27149,3
27156,3
12888,3
12895,3
27297,3
27332,3
12905,3
12906,3
12918,3
27422,3
12932,3
27418,3
27359,3
12938,3
12955,3
12982,3
12987,3
27746,3
27883,3
13005,3
27916,3
27994,3
13029,3
13034,3
28054,3
28052,3
13053,3
28305,3
28067,3
13086,3
28479,3
28461,3
13096,3
13097,3
13112,3
28635,3
28662,3
13125,3
13126,3
28786,3
13136,3
13144,3
28809,3
13152,3
28954,3
28890,3
29418,3
17959,3
29538,3
13182,3
28995,3
29437,3
29119,3
29853,3
18055,3
13189,3
29242,3
17991,3
29478,3
18078,3
13198,3
18107,3
13203,3
13207,3
29650,3
29571,3
29123,3
18189,3
18209,3
13224,3
29963,3
13233,3
18285,3
18274,3
18340,3
28986,3
18301,3
18246,3
18129,3
29181,3
18470,3
18461,3
18373,3
13288,3
18535,3
13296,3
18574,3
18564,3
18522,3
13326,3
18751,3
18749,3
18741,3
13341,3
13344,3
18932,3
18904,3
29196,3
13375,3
13382,3
13383,3
19143,3
13397,3
19176,3
13411,3
19089,3
19238,3
19326,3
19347,3
13439,3
13446,3
13450,3
19535,3
19506,3
19566,3
19556,3
13499,3
19668,3
19970,3
13531,3
13532,3
13537,3
20075,3
28982,3
29185,3
20206,3
13574,3
13583,3
20403,3
20441,3
20435,3
13625,3
13631,3
20615,3
20618,3
13659,3
13674,3
20815,3
20874,3
13717,3
21125,3
21104,3
13732,3
13738,3
13750,3
21245,3
21284,3
21230,3
21386,3
21447,3
21498,3
13789,3
21477,3
21589,3
13805,3
13808,3
13810,3
21304,3
13817,3
21714,3
13854,3
21753,3
13870,3
21856,3
21331,3
22016,3
22072,3
13924,3
22166,3
13949,3
22196,3
28971,3
21944,3
13994,3
22234,3
22424,3
22408,3
14049,3
22433,3
22430,3
22469,3
22455,3
14071,3
22506,3
22368,3
14088,3
22590,3
22598,3
14100,3
14104,3
22627,3
22608,3
14123,3
22696,3
22693,3
14157,3
22689,3
22741,3
22719,3
14196,3
22232,3
14201,3
14203,3
14206,3
22874,3
22898,3
22782,3
22943,3
22970,3
14248,3
14250,3
14252,3
14254,3
14269,3
14271,3
23116,3
23083,3
14318,3
23190,3
23079,3
14331,3
23219,3
14345,3
23247,3
23199,3
14360,3
23309,3
23320,3
14385,3
23077,3
22226,3
14401,3
23346,3
14407,3
23436,3
23419,3
23418,3
23401,3
23529,3
23476,3
23562,3
23587,3
14474,3
23669,3
14509,3
23609,3
23687,3
23720,3
23741,3
14531,3
23685,3
14544,3
23762,3
23818,3
23793,3
14565,3
14574,3
14611,3
23972,3
24015,3
23989,3
23971,3
24023,3
14647,3
24088,3
24022,3
14672,3
24106,3
24178,3
14683,3
24131,3
24104,3
24228,3
24249,3
14702,3
24248,3
24278,3
14725,3
24331,3
24312,3
24195,3
24391,3
14744,3
24395,3
24339,3
14763,3
24454,3
28965,3
14776,3
14787,3
29300,3
24562,3
24489,3
24644,3
24742,3
14886,3
24484,3
24840,3
24827,3
14906,3
24898,3
14927,3
24888,3
24857,3
24915,3
24954,3
14959,3
14963,3
24929,3
24900,3
14987,3
24820,3
24483,3
14991,3
14993,3
25099,3
15002,3
25134,3
25170,3
25102,3
25237,3
25255,3
25291,3
25377,3
15096,3
15106,3
25393,3
25414,3
15117,3
25410,3
25381,3
25306,3
25433,3
25486,3
25541,3
25570,3
15164,3
15168,3
15170,3
15177,3
25303,3
25032,3
15185,3
25617,3
25679,3
25711,3
25737,3
25705,3
25782,3
25762,3
15233,3
25788,3
15236,3
15244,3
25829,3
15253,3
25870,3
25852,3
25872,3
25906,3
25967,3
25981,3
15314,3
25945,3
15335,3
26058,3
26044,3
26006,3
26091,3
26002,3
26096,3
15373,3
25896,3
25590,3
26221,3
26238,3
26270,3
26280,3
26323,3
15450,3
26279,3
15461,3
26278,3
26433,3
15496,3
15499,3
26469,3
26490,3
15516,3
15527,3
15537,3
26593,3
15544,3
26605,3
26602,3
15561,3
26646,3
15564,3
26582,3
26150,3
25589,3
15588,3
15593,3
15598,3
15611,3
26750,3
15631,3
26779,3
26804,3
26828,3
15655,3
26861,3
15674,3
26825,3
26907,3
15725,3
26995,3
27035,3
27016,3
15735,3
15737,3
26965,3
27057,3
15747,3
27114,3
27152,3
15761,3
27183,3
15791,3
27055,3
26654,3
27236,3
15816,3
27273,3
15830,3
27305,3
27270,3
27207,3
15839,3
27387,3
15860,3
15864,3
27205,3
15888,3
15889,3
15897,3
15905,3
15914,3
27494,3
27461,3
27517,3
27569,3
27459,3
27571,3
27628,3
27625,3
27682,3
15973,3
15978,3
27661,3
15988,3
15997,3
15998,3
27622,3
26653,3
16019,3
27840,3
27824,3
27893,3
16058,3
16065,3
27909,3
27961,3
27960,3
27973,3
28014,3
28029,3
16101,3
16103,3
16105,3
16124,3
28130,3
16139,3
16142,3
28196,3
28043,3
16177,3
16183,3
16192,3
28326,3
28435,3
28428,3
16214,3
16216,3
28357,3
16233,3
28473,3
28557,3
28575,3
28546,3
28632,3
28629,3
28581,3
28706,3
28717,3
28699,3
28673,3
16301,3
16303,3
16309,3
16310,3
16324,3
28810,3
16332,3
28853,3
28877,3
16382,3
28669,3
29008,3
16407,3
29387,3
29112,3
17861,3
16418,3
17928,3
29133,3
29562,3
29514,3
17950,3
29559,3
29349,3
29364,3
29215,3
29240,3
29083,3
29261,3
29257,3
29569,3
16450,3
18007,3
29643,3
29809,3
29847,3
18059,3
29439,3
29811,3
29482,3
29906,3
16473,3
29749,3
29889,3
29959,3
29664,3
29735,3
18102,3
29779,3
29491,3
29088,3
29837,3
18125,3
29877,3
29913,3
29980,3
16517,3
18124,3
18178,3
18169,3
18168,3
18270,3
16566,3
18288,3
18330,3
16574,3
16581,3
16591,3
17834,3
16614,3
18458,3
18478,3
18475,3
18363,3
16650,3
18531,3
18491,3
18603,3
18560,3
16686,3
16687,3
18616,3
16691,3
16693,3
16697,3
16701,3
18713,3
18660,3
18611,3
16751,3
18848,3
18754,3
18753,3
16787,3
29017,3
19024,3
16800,3
18958,3
16821,3
19030,3
19161,3
16854,3
19171,3
16859,3
19201,3
19276,3
16903,3
16909,3
19329,3
16917,3
19327,3
16923,3
19345,3
19351,3
16926,3
16928,3
19223,3
19358,3
19398,3
16967,3
16970,3
19434,3
19431,3
17001,3
19534,3
19499,3
17017,3
19551,3
17025,3
17033,3
19626,3
17053,3
19660,3
19695,3
19692,3
19755,3
19689,3
17079,3
17083,3
17084,3
19494,3
19800,3
19834,3
19879,3
17112,3
19844,3
17119,3
17124,3
19903,3
19920,3
17146,3
17151,3
20099,3
17170,3
17176,3
17196,3
20150,3
17213,3
20179,3
20171,3
17227,3
17252,3
20289,3
20300,3
20292,3
20347,3
20342,3
17289,3
17291,3
17299,3
20394,3
17328,3
17349,3
17350,3
20428,3
17359,3
20516,3
20512,3
20559,3
20547,3
20529,3
20634,3
17396,3
20624,3
20705,3
20734,3
20755,3
20775,3
17455,3
17460,3
20880,3
17464,3
20917,3
17478,3
20893,3
17486,3
20946,3
20965,3
17516,3
17519,3
17521,3
21091,3
17531,3
21134,3
17561,3
21190,3
21187,3
21251,3
21257,3
17585,3
17599,3
21395,3
21454,3
17637,3
21486,3
17672,3
21461,3
21555,3
17686,3
17690,3
21457,3
21622,3
21634,3
17715,3
17727,3
21676,3
21726,3
21719,3
17744,3
17750,3
21819,3
17762,3
21853,3
21864,3
21863,3
17779,3
17782,3
21885,3
29073,3
29032,3
17819,3
29051,3
10003,2
10006,2
10007,2
24384,2
10013,2
10014,2
22415,2
27591,2
10019,2
10022,2
23668,2
10035,2
10036,2
10039,2
10041,2
26421,2
25924,2
24714,2
26994,2
28242,2
10052,2
18668,2
22320,2
10056,2
10057,2
10059,2
23408,2
24041,2
10070,2
24788,2
25643,2
26186,2
25779,2
10082,2
10085,2
26694,2
27921,2
10091,2
28801,2
27837,2
18297,2
19037,2
19841,2
19507,2
19003,2
20730,2
20186,2
22066,2
21695,2
20520,2
10121,2
22239,2
22638,2
23804,2
23386,2
10129,2
10130,2
10131,2
10132,2
24407,2
22514,2
18418,2
26540,2
10149,2
26448,2
26403,2
10157,2
10159,2
24839,2
27255,2
10173,2
28564,2
10179,2
10181,2
28037,2
26783,2
24600,2
10187,2
20018,2
19913,2
19720,2
10201,2
18138,2
10206,2
10210,2
10213,2
20365,2
20163,2
21221,2
21197,2
20876,2
20276,2
22025,2
22216,2
22165,2
21980,2
10237,2
21641,2
10240,2
20180,2
23032,2
22972,2
10251,2
22905,2
10253,2
23156,2
10257,2
10261,2
22872,2
22502,2
23506,2
23369,2
10273,2
10274,2
23684,2
23428,2
24072,2
23931,2
24305,2
10285,2
10292,2
23432,2
10294,2
22401,2
18234,2
10297,2
25506,2
10301,2
10302,2
10305,2
10308,2
25269,2
24507,2
10314,2
26109,2
10316,2
10317,2
10318,2
26087,2
25955,2
10322,2
26286,2
10330,2
10333,2
26635,2
26567,2
26430,2
26255,2
25681,2
24692,2
10350,2
26773,2
27174,2
26962,2
26753,2
27233,2
27503,2
27315,2
27846,2
28309,2
10372,2
10373,2
10375,2
10376,2
28235,2
10381,2
28173,2
27750,2
28397,2
10387,2
10389,2
28860,2
28458,2
10397,2
10401,2
27985,2
26808,2
10407,2
18919,2
19130,2
19076,2
19296,2
19672,2
19555,2
10436,2
20037,2
10442,2
19577,2
18976,2
20577,2
20692,2
10458,2
21009,2
20757,2
10465,2
20346,2
21847,2
10472,2
21774,2
10478,2
10479,2
21351,2
22094,2
10487,2
22106,2
22027,2
21590,2
10500,2
10501,2
10505,2
10508,2
10512,2
22645,2
22247,2
10518,2
22825,2
10524,2
10528,2
10530,2
10531,2
10532,2
23226,2
10538,2
23290,2
23214,2
10542,2
10543,2
10544,2
22929,2
22313,2
23356,2
23564,2
10551,2
23503,2
23395,2
23707,2
23676,2
23839,2
23775,2
10564,2
23621,2
23384,2
10569,2
24040,2
23994,2
10574,2
24253,2
10580,2
10582,2
24464,2
24430,2
24469,2
24236,2
10592,2
10594,2
22355,2
18307,2
24850,2
10604,2
10607,2
24975,2
24854,2
10617,2
25200,2
25098,2
25408,2
25397,2
10625,2
10627,2
10629,2
25525,2
25492,2
25767,2
25631,2
25908,2
10648,2
10649,2
26046,2
26149,2
26103,2
10653,2
10656,2
25938,2
10659,2
25750,2
10661,2
26388,2
26327,2
26240,2
26462,2
10668,2
26432,2
26531,2
10673,2
10676,2
26454,2
26204,2
25729,2
24635,2
10683,2
26685,2
10688,2
10689,2
27062,2
10691,2
27182,2
27115,2
10696,2
26957,2
10703,2
10704,2
26795,2
10707,2
27223,2
27363,2
27457,2
27432,2
27354,2
27613,2
27490,2
27217,2
10722,2
10723,2
27970,2
10729,2
27813,2
28146,2
10732,2
10733,2
28254,2
10743,2
28069,2
28425,2
10749,2
28532,2
10753,2
10755,2
10756,2
28708,2
28843,2
28841,2
28684,2
28488,2
10778,2
10780,2
26837,2
24579,2
10790,2
18161,2
18406,2
18513,2
10804,2
10808,2
18836,2
18804,2
10814,2
10821,2
10823,2
19204,2
10825,2
10827,2
10828,2
10829,2
19124,2
10832,2
19048,2
19282,2
10839,2
10840,2
19447,2
10844,2
19017,2
19677,2
19752,2
19715,2
10861,2
10862,2
19633,2
10865,2
19808,2
10870,2
10871,2
20042,2
20084,2
20045,2
10884,2
19528,2
19190,2
10887,2
18101,2
20508,2
10893,2
20595,2
10897,2
10898,2
20389,2
20231,2
20682,2
10909,2
20822,2
20960,2
20813,2
10921,2
21083,2
21048,2
10927,2
21249,2
21207,2
21052,2
20695,2
20129,2
10935,2
21586,2
21470,2
21332,2
10941,2
10943,2
21913,2
10945,2
10946,2
21804,2
21311,2
22104,2
10954,2
10955,2
22086,2
10957,2
22012,2
10960,2
22141,2
22005,2
10966,2
10968,2
21428,2
20335,2
10972,2
22345,2
10974,2
10975,2
10977,2
10978,2
22241,2
22406,2
10986,2
22530,2
22517,2
22463,2
22434,2
22279,2
22626,2
10998,2
22686,2
22682,2
11009,2
11013,2
11019,2
22280,2
11021,2
11022,2
22805,2
23057,2
23025,2
11030,2
11036,2
11038,2
23189,2
11046,2
11053,2
11054,2
11055,2
11058,2
11059,2
23104,2
11063,2
11064,2
23208,2
23224,2
23100,2
22880,2
23406,2
23379,2
11081,2
11082,2
11084,2
11087,2
23490,2
23589,2
23557,2
23510,2
23388,2
23710,2
23709,2
23632,2
23817,2
11115,2
11116,2
23871,2
23831,2
11124,2
23802,2
23382,2
24100,2
11137,2
11141,2
24049,2
11144,2
24152,2
11155,2
24030,2
11160,2
23959,2
24316,2
11167,2
24442,2
24398,2
23377,2
11186,2
11189,2
11190,2
24539,2
11202,2
24745,2
24688,2
11207,2
24761,2
24815,2
24494,2
11223,2
24880,2
24861,2
24845,2
24908,2
24964,2
24945,2
11237,2
11239,2
24838,2
24573,2
25185,2
25190,2
11250,2
25116,2
11255,2
11259,2
25282,2
25274,2
25226,2
11269,2
25060,2
11274,2
11275,2
11277,2
25409,2
25394,2
25316,2
11284,2
11285,2
25546,2
25518,2
11292,2
25349,2
11296,2
25090,2
24563,2
11305,2
25793,2
25766,2
11313,2
25841,2
11315,2
25880,2
25866,2
11318,2
11324,2
25704,2
25920,2
25949,2
11328,2
25915,2
11333,2
26030,2
26139,2
26112,2
11338,2
26057,2
11341,2
11343,2
26298,2
11350,2
11352,2
11353,2
26294,2
11356,2
11357,2
11358,2
26194,2
11366,2
11368,2
26418,2
11370,2
26504,2
26486,2
11374,2
11375,2
11377,2
26619,2
26550,2
26425,2
26219,2
24552,2
11402,2
11404,2
26675,2
11406,2
11407,2
11408,2
11410,2
11413,2
11417,2
26933,2
27030,2
11424,2
11425,2
26993,2
11433,2
27103,2
27059,2
27168,2
11442,2
27078,2
26949,2
26711,2
27308,2
11453,2
27266,2
11459,2
11460,2
27372,2
27433,2
27455,2
11472,2
27426,2
11476,2
11478,2
27464,2
27523,2
11488,2
11489,2
27560,2
27536,2
11495,2
27583,2
27694,2
27626,2
27227,2
11515,2
26703,2
11519,2
27855,2
11524,2
27847,2
27782,2
11531,2
27940,2
27759,2
28137,2
11537,2
28053,2
28304,2
11547,2
28324,2
11549,2
11551,2
28245,2
11554,2
28093,2
11560,2
11565,2
11568,2
28492,2
28454,2
28511,2
11573,2
28657,2
11584,2
28438,2
28740,2
28833,2
11599,2
11602,2
11603,2
11604,2
28895,2
28939,2
28922,2
28889,2
28867,2
28395,2
27798,2
26676,2
24492,2
18155,2
18176,2
18206,2
18175,2
11654,2
18127,2
18344,2
18329,2
18255,2
18410,2
11668,2
18547,2
11670,2
11671,2
11674,2
18506,2
18577,2
18600,2
11684,2
18568,2
11686,2
11690,2
18383,2
11695,2
18711,2
11700,2
18621,2
18871,2
18830,2
18915,2
18800,2
11712,2
18636,2
11715,2
19094,2
19008,2
19350,2
11720,2
19342,2
11722,2
11723,2
11724,2
11726,2
11727,2
11729,2
11730,2
11731,2
11732,2
11738,2
19429,2
11740,2
11743,2
11745,2
11746,2
19365,2
19484,2
11753,2
19465,2
11756,2
19445,2
19388,2
11762,2
19278,2
18989,2
19657,2
11772,2
19531,2
11776,2
11777,2
11778,2
11779,2
11790,2
20011,2
11793,2
20065,2
20058,2
11796,2
20033,2
11801,2
11804,2
19511,2
11808,2
19043,2
11811,2
20336,2
20155,2
11820,2
11821,2
20367,2
11823,2
20437,2
11825,2
20467,2
11828,2
11830,2
20449,2
20374,2
11836,2
11840,2
20515,2
11843,2
20581,2
20585,2
20500,2
11853,2
11862,2
20750,2
20684,2
20920,2
20975,2
20948,2
11875,2
20846,2
20676,2
11881,2
11884,2
21089,2
11887,2
11888,2
21096,2
21018,2
21205,2
21140,2
21232,2
21220,2
21175,2
21002,2
11905,2
20729,2
11911,2
20127,2
21317,2
21529,2
21514,2
21479,2
21573,2
21599,2
21560,2
21510,2
21312,2
21621,2
21757,2
21886,2
11941,2
21822,2
11947,2
21639,2
21981,2
11953,2
22041,2
11960,2
11962,2
21979,2
22074,2
22065,2
21957,2
22139,2
11971,2
11972,2
22123,2
11976,2
22146,2
22129,2
22191,2
11981,2
11986,2
22213,2
22212,2
22203,2
22118,2
22002,2
12001,2
12002,2
21309,2
12006,2
12007,2
22307,2
12014,2
22346,2
12017,2
22359,2
12019,2
22352,2
22339,2
22305,2
22452,2
22450,2
22505,2
22490,2
22510,2
12045,2
12048,2
22539,2
22523,2
22516,2
22249,2
22593,2
22571,2
22648,2
12068,2
22629,2
12071,2
22622,2
22577,2
22663,2
12078,2
12079,2
12080,2
22713,2
12085,2
22727,2
12097,2
22776,2
22764,2
12101,2
22730,2
22582,2
12113,2
22812,2
22926,2
22922,2
22937,2
22917,2
12124,2
22810,2
12127,2
22971,2
12131,2
23031,2
23018,2
23042,2
12137,2
23040,2
23017,2
12149,2
12151,2
12153,2
23097,2
23108,2
23121,2
12164,2
23174,2
23147,2
23187,2
23160,2
23099,2
12175,2
23207,2
23239,2
23250,2
23241,2
12183,2
12184,2
23213,2
23301,2
23306,2
23325,2
23297,2
23205,2
12205,2
22821,2
23415,2
12213,2
23455,2
23426,2
23417,2
12227,2
12231,2
12232,2
23362,2
23501,2
12235,2
12243,2
23348,2
12247,2
12248,2
12249,2
12252,2
12254,2
12255,2
23661,2
12258,2
12259,2
12260,2
12262,2
23616,2
12265,2
12268,2
23690,2
23724,2
23721,2
23628,2
12282,2
23808,2
12286,2
23893,2
23844,2
23784,2
12297,2
12300,2
23400,2
23981,2
12307,2
23973,2
12315,2
24017,2
12320,2
12323,2
24013,2
24002,2
12327,2
12328,2
12329,2
12332,2
12333,2
24085,2
12336,2
24044,2
24140,2
24180,2
24177,2
12345,2
12349,2
24109,2
12351,2
12353,2
12358,2
12359,2
12360,2
24226,2
24282,2
24281,2
24219,2
12379,2
12381,2
24376,2
12386,2
12388,2
24456,2
24471,2
12392,2
12393,2
12394,2
12397,2
12398,2
12401,2
24467,2
12404,2
24446,2
24361,2
12411,2
24230,2
12414,2
23944,2
23398,2
12418,2
22266,2
24628,2
12428,2
24581,2
12437,2
12441,2
24641,2
24576,2
24520,2
24738,2
24686,2
24743,2
24695,2
12452,2
24802,2
24771,2
24889,2
12463,2
12467,2
24871,2
24837,2
24920,2
12482,2
12484,2
12485,2
24977,2
12487,2
12490,2
25000,2
12494,2
25028,2
25015,2
12503,2
24998,2
24969,2
12511,2
12515,2
24921,2
24515,2
12526,2
25074,2
25147,2
25113,2
12535,2
25161,2
25110,2
25087,2
12543,2
12545,2
25207,2
25197,2
25253,2
25240,2
12553,2
25206,2
25264,2
25296,2
12562,2
25281,2
25234,2
12567,2
25082,2
25339,2
25331,2
12571,2
25391,2
25405,2
25402,2
12578,2
25385,2
12581,2
25311,2
12586,2
25504,2
25496,2
12593,2
25453,2
25571,2
25562,2
12600,2
12601,2
25514,2
25436,2
12605,2
25309,2
12607,2
25062,2
12609,2
12611,2
12612,2
12615,2
12619,2
25721,2
25713,2
12622,2
12623,2
12624,2
25745,2
25740,2
25720,2
25630,2
25778,2
12631,2
25765,2
25803,2
25854,2
12638,2
12639,2
25830,2
25894,2
25884,2
25877,2
25784,2
12652,2
12653,2
25940,2
12659,2
25907,2
25965,2
25954,2
12663,2
25990,2
12671,2
25984,2
25947,2
25928,2
26047,2
26089,2
26034,2
12690,2
26130,2
26128,2
25925,2
12705,2
25655,2
12707,2
26218,2
26190,2
12715,2
26268,2
12721,2
26288,2
12731,2
26287,2
12733,2
12734,2
12735,2
12740,2
26352,2
26384,2
26394,2
26375,2
26345,2
12748,2
26284,2
26208,2
26471,2
26493,2
26509,2
12764,2
12765,2
26422,2
12772,2
12775,2
12776,2
26530,2
26565,2
26574,2
26529,2
12788,2
26612,2
26595,2
26629,2
12795,2
26597,2
26561,2
26410,2
26198,2
12801,2
25635,2
24556,2
12808,2
12811,2
12812,2
12814,2
26756,2
26672,2
26820,2
26807,2
12825,2
26803,2
26848,2
26845,2
12831,2
26831,2
26868,2
12834,2
12835,2
26896,2
26888,2
12843,2
26879,2
12846,2
26792,2
26686,2
26920,2
27010,2
26980,2
27053,2
12861,2
27047,2
27032,2
12866,2
12868,2
12871,2
26913,2
27131,2
12876,2
27094,2
27192,2
27180,2
27063,2
12890,2
26932,2
12893,2
27280,2
12899,2
27317,2
27311,2
12915,2
12916,2
27289,2
27356,2
12923,2
27390,2
27402,2
12926,2
27388,2
27352,2
27452,2
27234,2
27498,2
27486,2
12940,2
27463,2
27535,2
12947,2
27519,2
12950,2
27561,2
27550,2
12953,2
27530,2
27474,2
12961,2
27595,2
12965,2
27585,2
27617,2
27614,2
27673,2
12973,2
12974,2
27665,2
27633,2
27573,2
27479,2
27228,2
12984,2
26671,2
12986,2
12988,2
27827,2
12996,2
12997,2
27879,2
27867,2
13003,2
27833,2
13007,2
27744,2
13011,2
27956,2
27931,2
13017,2
28009,2
27982,2
28019,2
28038,2
28026,2
13032,2
27975,2
27918,2
27772,2
28132,2
28198,2
28195,2
28167,2
13046,2
28151,2
13049,2
13050,2
13052,2
13054,2
28229,2
28264,2
28261,2
13063,2
28257,2
28218,2
28291,2
28343,2
13073,2
28342,2
13077,2
28241,2
27743,2
28470,2
13083,2
13084,2
28450,2
13089,2
28402,2
13093,2
28535,2
28561,2
28562,2
13104,2
28506,2
13106,2
13107,2
28622,2
28588,2
28653,2
28589,2
28531,2
13128,2
28401,2
28683,2
28755,2
28796,2
28816,2
28815,2
13143,2
13145,2
13147,2
28745,2
13149,2
28695,2
28865,2
28826,2
28902,2
28878,2
28918,2
13158,2
13159,2
28934,2
13161,2
13163,2
13167,2
28844,2
28682,2
13171,2
27805,2
26701,2
24550,2
18088,2
18142,2
18188,2
18177,2
13235,2
18280,2
13241,2
13248,2
18247,2
13250,2
13251,2
13252,2
18313,2
13259,2
13261,2
13267,2
13269,2
18481,2
18445,2
13283,2
13287,2
13289,2
13290,2
18510,2
13293,2
13294,2
13295,2
18554,2
13300,2
18550,2
18537,2
18505,2
13309,2
18606,2
18593,2
13317,2
18387,2
18635,2
18620,2
18696,2
13328,2
18690,2
18721,2
13332,2
13333,2
13335,2
18681,2
18628,2
13339,2
18858,2
18878,2
18855,2
18821,2
18925,2
18906,2
18941,2
13355,2
13356,2
18779,2
18625,2
13367,2
18395,2
19067,2
19056,2
13377,2
19041,2
18979,2
13380,2
13381,2
19137,2
13389,2
19149,2
13391,2
13398,2
13400,2
19209,2
13404,2
19206,2
13409,2
19172,2
18977,2
13421,2
19333,2
13424,2
13430,2
13431,2
13435,2
19325,2
19231,2
19372,2
19404,2
13449,2
13452,2
19467,2
19492,2
13458,2
19485,2
13460,2
19439,2
19364,2
13466,2
13467,2
13470,2
19258,2
18974,2
13473,2
13477,2
13478,2
19559,2
19574,2
19606,2
19576,2
19520,2
19659,2
13492,2
13493,2
13494,2
19632,2
19683,2
19675,2
19642,2
13508,2
19727,2
19719,2
19697,2
19710,2
19635,2
19512,2
13520,2
19838,2
19819,2
19945,2
19984,2
13529,2
19947,2
13534,2
19908,2
19830,2
13541,2
20008,2
13545,2
20014,2
13550,2
20062,2
20056,2
19997,2
19813,2
13558,2
19500,2
13561,2
13563,2
13564,2
19005,2
13568,2
20189,2
20125,2
13577,2
13580,2
13584,2
20301,2
13586,2
13588,2
20296,2
20275,2
13591,2
13593,2
13594,2
13595,2
20258,2
13597,2
20307,2
20249,2
20136,2
13603,2
20393,2
20364,2
13610,2
13616,2
13617,2
13618,2
13619,2
20459,2
13623,2
13626,2
20473,2
13635,2
20433,2
20368,2
20543,2
13643,2
20601,2
20579,2
20632,2
13650,2
13654,2
13655,2
20574,2
20513,2
13662,2
13663,2
13666,2
20133,2
20671,2
13675,2
20756,2
20753,2
20780,2
13681,2
20778,2
20749,2
13689,2
20694,2
20834,2
13692,2
20887,2
20884,2
13697,2
13699,2
20933,2
20900,2
20962,2
20921,2
20839,2
20683,2
21033,2
21017,2
21073,2
13725,2
13729,2
21095,2
13733,2
21079,2
21028,2
13736,2
13742,2
13746,2
21153,2
21252,2
21280,2
21268,2
13768,2
13771,2
13772,2
21136,2
13774,2
21022,2
20651,2
20130,2
21410,2
13779,2
21402,2
21427,2
21377,2
21313,2
13787,2
13792,2
13794,2
21583,2
21577,2
21591,2
21605,2
13804,2
21566,2
13807,2
21467,2
13818,2
21651,2
21643,2
13831,2
21620,2
21739,2
13838,2
21732,2
21711,2
13846,2
21664,2
13848,2
21627,2
21825,2
21794,2
13856,2
13857,2
13858,2
21846,2
21920,2
21916,2
13868,2
13869,2
21897,2
13874,2
21773,2
21626,2
13885,2
22009,2
21986,2
13894,2
21966,2
22029,2
13900,2
22034,2
22042,2
22033,2
22021,2
21951,2
22068,2
22060,2
22084,2
13918,2
22056,2
22097,2
22092,2
22111,2
22102,2
22088,2
22054,2
13931,2
21971,2
22158,2
13939,2
22143,2
22172,2
13945,2
22160,2
22142,2
13951,2
22113,2
13954,2
13961,2
13964,2
13966,2
13970,2
22186,2
13976,2
22218,2
13982,2
22211,2
22180,2
13989,2
22112,2
13991,2
13992,2
21354,2
13997,2
13999,2
20123,2
14004,2
22291,2
22288,2
14010,2
14011,2
22261,2
22235,2
14015,2
22319,2
22294,2
22338,2
14021,2
22357,2
14023,2
22349,2
14029,2
22292,2
14031,2
14034,2
22425,2
14038,2
14039,2
14040,2
14042,2
22437,2
14052,2
14054,2
14056,2
22374,2
22487,2
22454,2
14063,2
22508,2
22548,2
14069,2
22536,2
22520,2
22453,2
22233,2
14083,2
14084,2
22576,2
14091,2
22570,2
14095,2
22597,2
22595,2
22584,2
22569,2
22614,2
14112,2
22624,2
14115,2
14117,2
22655,2
22652,2
22647,2
22628,2
14128,2
22606,2
22567,2
22662,2
14135,2
14138,2
14142,2
14146,2
14147,2
22705,2
22712,2
22702,2
14159,2
14164,2
22657,2
22721,2
14169,2
14174,2
22737,2
22720,2
22756,2
22775,2
14183,2
22751,2
22742,2
22656,2
14198,2
22564,2
14205,2
22838,2
22833,2
22813,2
14212,2
22791,2
22849,2
22878,2
22890,2
22882,2
22876,2
22847,2
22788,2
22923,2
22895,2
14229,2
22894,2
22953,2
14244,2
22993,2
14249,2
22997,2
14253,2
22994,2
14257,2
14259,2
14261,2
14265,2
14266,2
22968,2
22941,2
23033,2
23030,2
23009,2
23049,2
23039,2
14282,2
14283,2
23075,2
14285,2
23067,2
14287,2
14289,2
23038,2
14294,2
23003,2
22940,2
14298,2
22781,2
14302,2
14303,2
23130,2
14308,2
14310,2
23152,2
23143,2
14314,2
14315,2
14316,2
23167,2
14319,2
23136,2
23176,2
23186,2
23175,2
23134,2
23229,2
14334,2
14335,2
23201,2
14341,2
23236,2
23253,2
14348,2
23252,2
14351,2
23231,2
14357,2
23286,2
14365,2
23299,2
14367,2
14370,2
23298,2
14375,2
23266,2
23333,2
23258,2
23194,2
14391,2
14395,2
23387,2
14398,2
23381,2
14403,2
14404,2
14405,2
14409,2
23411,2
23404,2
14415,2
14416,2
14417,2
23441,2
14421,2
23462,2
23460,2
14424,2
14426,2
14429,2
14430,2
23438,2
14435,2
23345,2
23481,2
14439,2
23508,2
23512,2
23560,2
23534,2
14453,2
14455,2
14458,2
14460,2
14461,2
14464,2
23577,2
23574,2
14468,2
14469,2
23580,2
14473,2
23573,2
14477,2
23466,2
14483,2
23338,2
14487,2
23630,2
23622,2
23615,2
14493,2
14494,2
23650,2
23674,2
23681,2
23670,2
23647,2
23689,2
23706,2
14524,2
23725,2
23722,2
23717,2
23596,2
14548,2
14550,2
23801,2
14555,2
14556,2
23821,2
14559,2
23814,2
23752,2
14566,2
23842,2
23830,2
14571,2
23848,2
14578,2
23849,2
14582,2
23827,2
23868,2
23900,2
23895,2
23886,2
23850,2
23744,2
23595,2
14597,2
14599,2
23337,2
14601,2
23940,2
23934,2
14606,2
23919,2
23958,2
23950,2
23968,2
23966,2
23945,2
23918,2
23980,2
23990,2
14622,2
24012,2
14629,2
14630,2
14632,2
14634,2
14635,2
23912,2
14641,2
24043,2
14645,2
24065,2
24079,2
14653,2
14655,2
14656,2
14659,2
24063,2
24120,2
14664,2
24127,2
24122,2
14676,2
24133,2
24176,2
24175,2
14685,2
24021,2
23911,2
14696,2
24214,2
14698,2
24234,2
24269,2
24232,2
14708,2
24197,2
24286,2
14713,2
14714,2
24304,2
14718,2
14721,2
24327,2
24315,2
24336,2
14728,2
14731,2
24330,2
14741,2
24382,2
24349,2
24406,2
24418,2
24392,2
14758,2
24431,2
14762,2
24452,2
14772,2
24421,2
24337,2
24191,2
14781,2
14782,2
14784,2
23909,2
23334,2
14792,2
14794,2
22225,2
14798,2
14801,2
14802,2
14805,2
14807,2
24569,2
24561,2
24543,2
24598,2
14818,2
24621,2
24597,2
14824,2
24632,2
24647,2
24666,2
14835,2
24662,2
14837,2
24630,2
24574,2
14843,2
14845,2
24685,2
24716,2
24708,2
24679,2
24754,2
24752,2
24750,2
24676,2
24758,2
14861,2
14862,2
24785,2
24780,2
24757,2
14867,2
14868,2
24811,2
14871,2
24794,2
14877,2
24814,2
24793,2
24755,2
24670,2
14884,2
24841,2
24852,2
24847,2
14892,2
14895,2
14901,2
14902,2
24867,2
14904,2
24860,2
24875,2
14912,2
14913,2
14917,2
14919,2
24894,2
14926,2
24872,2
14932,2
14933,2
14935,2
14937,2
24824,2
14941,2
14943,2
24903,2
14945,2
24942,2
24931,2
14950,2
24950,2
24946,2
14960,2
14969,2
14972,2
24994,2
24980,2
24978,2
24959,2
14977,2
25009,2
25025,2
14982,2
25006,2
24995,2
24955,2
24899,2
25056,2
14995,2
25094,2
25091,2
15004,2
15005,2
25089,2
15007,2
25054,2
25130,2
15026,2
15027,2
25104,2
25159,2
15035,2
15037,2
15038,2
25169,2
25041,2
25210,2
25202,2
25194,2
15048,2
15049,2
25236,2
25250,2
15057,2
15058,2
25242,2
15061,2
15063,2
25235,2
25193,2
25256,2
25267,2
15073,2
25289,2
15079,2
25277,2
15081,2
25254,2
25191,2
25033,2
15089,2
15090,2
15092,2
15093,2
25346,2
15097,2
25332,2
15100,2
15101,2
15102,2
25308,2
25396,2
15105,2
15109,2
25383,2
15114,2
15118,2
25421,2
15120,2
15128,2
15134,2
15135,2
15136,2
25477,2
15139,2
15141,2
25490,2
15143,2
15144,2
25502,2
15148,2
25424,2
25524,2
15151,2
25513,2
15157,2
15160,2
15161,2
25580,2
15165,2
25559,2
25531,2
15169,2
15171,2
25507,2
25422,2
15176,2
15178,2
15183,2
24480,2
15186,2
25667,2
25696,2
25699,2
25687,2
15201,2
25608,2
25719,2
15210,2
25755,2
25736,2
15218,2
15219,2
15220,2
15221,2
25607,2
25775,2
15227,2
15228,2
25794,2
15231,2
25801,2
15238,2
25812,2
15245,2
15246,2
25796,2
25786,2
25759,2
25842,2
25862,2
25825,2
25891,2
25883,2
25817,2
25758,2
25604,2
25917,2
25931,2
15280,2
15281,2
15282,2
15284,2
25904,2
15288,2
25963,2
15293,2
25970,2
15296,2
25958,2
25946,2
15309,2
15310,2
15313,2
15315,2
15317,2
15318,2
25973,2
25994,2
15328,2
25987,2
25972,2
25901,2
26045,2
26071,2
15346,2
26088,2
26065,2
15353,2
26102,2
26113,2
26111,2
15360,2
26097,2
26140,2
15366,2
15368,2
26118,2
15370,2
25998,2
26181,2
15380,2
26220,2
15382,2
15383,2
26216,2
15385,2
15386,2
26223,2
15393,2
15394,2
15395,2
15397,2
26226,2
15401,2
26212,2
26173,2
15408,2
26239,2
15416,2
26264,2
26277,2
26273,2
26259,2
26172,2
26292,2
15428,2
15429,2
15431,2
15432,2
15433,2
15435,2
26291,2
15438,2
15443,2
26328,2
26321,2
26299,2
26340,2
26367,2
26356,2
15458,2
15459,2
15460,2
26349,2
15464,2
15465,2
26337,2
26391,2
26371,2
26336,2
26155,2
26446,2
15480,2
26453,2
26452,2
15485,2
15487,2
15489,2
15490,2
26407,2
15493,2
15494,2
15495,2
26457,2
15498,2
15501,2
26456,2
15507,2
26506,2
15510,2
15511,2
26511,2
26488,2
26455,2
15521,2
26406,2
15526,2
15528,2
26554,2
15530,2
26544,2
15532,2
26527,2
26563,2
26569,2
26562,2
26521,2
15543,2
15548,2
15558,2
15567,2
26640,2
15572,2
26623,2
15577,2
15585,2
24478,2
15589,2
26714,2
15592,2
26712,2
26708,2
26698,2
15601,2
26733,2
15605,2
26731,2
26721,2
15613,2
26752,2
26758,2
15618,2
26765,2
26757,2
15626,2
15632,2
26812,2
15637,2
15642,2
26777,2
15650,2
26870,2
15654,2
15656,2
26885,2
15664,2
15670,2
15672,2
15676,2
26883,2
26851,2
15683,2
15685,2
15686,2
26774,2
15690,2
15691,2
15692,2
15695,2
26655,2
26940,2
26935,2
26929,2
26944,2
15706,2
26954,2
26963,2
15711,2
26961,2
26950,2
26941,2
27007,2
27015,2
27012,2
15723,2
26969,2
27026,2
27022,2
26905,2
27110,2
27093,2
27092,2
27056,2
15753,2
15754,2
15755,2
15756,2
15759,2
27144,2
15765,2
27175,2
27157,2
15776,2
27137,2
15780,2
15781,2
27189,2
15783,2
27195,2
27176,2
27132,2
26902,2
15796,2
15798,2
15799,2
27209,2
27240,2
27248,2
27267,2
27245,2
15817,2
27287,2
15819,2
15822,2
27304,2
27301,2
15825,2
27292,2
27272,2
27307,2
27379,2
27370,2
27357,2
27339,2
15846,2
27392,2
15854,2
15855,2
15856,2
15858,2
27400,2
27411,2
27396,2
27380,2
27337,2
27451,2
27454,2
27435,2
27417,2
15877,2
15880,2
27470,2
15887,2
27462,2
15892,2
15893,2
15894,2
27493,2
27492,2
15900,2
15901,2
27483,2
15906,2
27496,2
15910,2
27482,2
15921,2
27512,2
27543,2
27564,2
27562,2
27542,2
15932,2
15933,2
27508,2
15938,2
27612,2
15940,2
15941,2
15942,2
15943,2
15945,2
15948,2
27621,2
27616,2
15953,2
27609,2
15960,2
15963,2
15971,2
15972,2
15980,2
27711,2
15985,2
27705,2
27700,2
15991,2
15992,2
27643,2
16000,2
16003,2
27570,2
27458,2
27200,2
16012,2
16014,2
27806,2
27795,2
27725,2
27825,2
27848,2
16031,2
16032,2
27839,2
16039,2
27861,2
27850,2
16051,2
16053,2
27882,2
27872,2
27849,2
27814,2
16067,2
27722,2
27915,2
27933,2
27955,2
27968,2
27902,2
28004,2
16084,2
16086,2
16088,2
28030,2
16097,2
28010,2
27971,2
27900,2
27720,2
16111,2
16112,2
28083,2
28076,2
16117,2
28056,2
28051,2
28088,2
16122,2
28121,2
28101,2
16127,2
28098,2
28086,2
28050,2
28156,2
28148,2
28188,2
16137,2
28180,2
28161,2
28194,2
16147,2
16149,2
16151,2
28193,2
28157,2
28122,2
16160,2
28208,2
28256,2
28253,2
28258,2
28248,2
16171,2
28206,2
28301,2
28272,2
16178,2
16181,2
16182,2
28308,2
16185,2
28314,2
28313,2
28306,2
16191,2
28267,2
28334,2
28341,2
28318,2
28266,2
28199,2
27716,2
28372,2
28415,2
16215,2
28455,2
16220,2
16221,2
16223,2
28448,2
28467,2
28474,2
16231,2
16232,2
16234,2
16236,2
28464,2
28446,2
28480,2
28478,2
28485,2
28494,2
28484,2
28477,2
28444,2
28522,2
16258,2
28568,2
16265,2
28572,2
16269,2
28567,2
16272,2
28497,2
16276,2
28586,2
28597,2
16279,2
28628,2
16282,2
28625,2
28596,2
28584,2
16290,2
28496,2
28347,2
28738,2
16296,2
16299,2
16302,2
28789,2
16307,2
28781,2
16311,2
28744,2
16315,2
28797,2
28795,2
16326,2
16328,2
28814,2
16333,2
28790,2
28741,2
28672,2
16338,2
28836,2
28866,2
28848,2
28819,2
16350,2
16351,2
16352,2
28900,2
16359,2
28896,2
16361,2
28876,2
16364,2
16368,2
28914,2
28933,2
16376,2
16377,2
16379,2
28909,2
28869,2
28817,2
16390,2
28345,2
27715,2
16394,2
16397,2
26649,2
16399,2
24476,2
16401,2
16403,2
16405,2
18104,2
18109,2
18166,2
18162,2
18158,2
18149,2
16518,2
16525,2
18171,2
18180,2
16531,2
16532,2
16533,2
18195,2
18185,2
18214,2
18210,2
18207,2
16541,2
18184,2
16544,2
16545,2
18123,2
18220,2
18249,2
18276,2
18248,2
18219,2
18291,2
16557,2
18314,2
16560,2
16561,2
18311,2
16565,2
18327,2
18346,2
16580,2
18286,2
18218,2
16592,2
18122,2
16596,2
18384,2
18372,2
16601,2
18416,2
18422,2
18412,2
18399,2
18368,2
18443,2
18455,2
18454,2
16622,2
18450,2
16627,2
16628,2
18442,2
16635,2
18485,2
18456,2
16639,2
18431,2
16642,2
18517,2
18501,2
16649,2
18549,2
18530,2
16661,2
18581,2
18580,2
16664,2
18562,2
16666,2
16667,2
18608,2
16673,2
16677,2
16680,2
18486,2
16684,2
16685,2
18352,2
18642,2
18637,2
18634,2
16703,2
16705,2
16706,2
18651,2
18655,2
16710,2
18653,2
18646,2
16714,2
16715,2
16716,2
18632,2
16718,2
18613,2
18664,2
18704,2
18692,2
18662,2
18722,2
18717,2
18746,2
18715,2
16732,2
16736,2
18824,2
18845,2
18832,2
16743,2
18822,2
18757,2
18893,2
16753,2
18887,2
16755,2
18876,2
16760,2
18924,2
18902,2
18933,2
18931,2
18943,2
16767,2
16769,2
16770,2
18940,2
16774,2
18930,2
18898,2
18610,2
16782,2
16784,2
16786,2
19000,2
19025,2
16795,2
16797,2
16798,2
19016,2
16801,2
18996,2
16803,2
16805,2
19047,2
16812,2
19033,2
19062,2
19055,2
19066,2
19050,2
16826,2
18955,2
16830,2
16831,2
16833,2
19144,2
19132,2
19082,2
19187,2
19183,2
16841,2
16847,2
16848,2
16851,2
16858,2
16866,2
16869,2
19208,2
16873,2
16875,2
19214,2
16877,2
19207,2
16881,2
19198,2
16884,2
19169,2
16886,2
19077,2
16890,2
16891,2
18952,2
19270,2
16894,2
19226,2
16897,2
19280,2
19302,2
19286,2
19273,2
19322,2
19336,2
19306,2
19348,2
16930,2
19344,2
19303,2
19374,2
16943,2
19399,2
16946,2
19419,2
16949,2
19406,2
16955,2
19390,2
16957,2
16961,2
19356,2
19452,2
19457,2
19450,2
16971,2
16972,2
19459,2
19479,2
19478,2
16984,2
16985,2
19458,2
16992,2
19352,2
19216,2
18948,2
17000,2
19538,2
19554,2
17014,2
19562,2
17018,2
17019,2
19600,2
19583,2
17029,2
19569,2
17032,2
17034,2
19496,2
19627,2
19656,2
17040,2
19648,2
17044,2
17045,2
17046,2
17055,2
17056,2
19615,2
19736,2
19726,2
19718,2
17069,2
19737,2
17076,2
17080,2
17081,2
19611,2
17089,2
17093,2
19842,2
19849,2
17102,2
17103,2
17108,2
19857,2
17111,2
17113,2
19833,2
19791,2
19924,2
17129,2
19901,2
19941,2
19983,2
19956,2
19933,2
19881,2
19785,2
17140,2
20020,2
17143,2
19991,2
20040,2
20035,2
17149,2
19989,2
17152,2
20077,2
17156,2
20071,2
20054,2
17162,2
20098,2
17165,2
20086,2
17167,2
17168,2
17173,2
17175,2
20050,2
19985,2
17182,2
19774,2
19493,2
17192,2
18947,2
17198,2
17199,2
17200,2
17202,2
17205,2
20162,2
17208,2
20153,2
20138,2
20122,2
20190,2
20201,2
17223,2
20234,2
17225,2
20224,2
20219,2
20200,2
20166,2
20118,2
17236,2
17237,2
20270,2
17240,2
20259,2
20243,2
17250,2
20274,2
20293,2
20271,2
17264,2
20238,2
20322,2
20303,2
20333,2
20345,2
17281,2
20329,2
20302,2
20237,2
20114,2
20384,2
17300,2
17302,2
20372,2
17308,2
20369,2
17315,2
20361,2
20448,2
17320,2
17323,2
20438,2
17329,2
17330,2
20432,2
20466,2
17338,2
20454,2
20477,2
17341,2
20478,2
17343,2
20453,2
20356,2
17358,2
20523,2
20487,2
20542,2
20531,2
17374,2
17382,2
17383,2
20486,2
20594,2
20589,2
20566,2
17391,2
20619,2
17398,2
17399,2
17403,2
20616,2
20562,2
20479,2
20350,2
20113,2
17409,2
17414,2
17419,2
20732,2
20712,2
20697,2
20649,2
17426,2
17429,2
17431,2
20736,2
17435,2
17439,2
20788,2
20781,2
20779,2
17445,2
20774,2
20735,2
20644,2
17449,2
20832,2
17452,2
20796,2
17459,2
20879,2
17463,2
17465,2
20867,2
20882,2
20850,2
17472,2
20795,2
17475,2
20934,2
20929,2
20892,2
20955,2
17495,2
17497,2
20974,2
17499,2
20980,2
20939,2
20888,2
17506,2
20792,2
17509,2
17510,2
21011,2
20996,2
21032,2
21035,2
21031,2
20992,2
17523,2
21085,2
21077,2
21128,2
21112,2
17532,2
21100,2
17534,2
17535,2
21094,2
17537,2
17541,2
21059,2
17548,2
17550,2
20988,2
21186,2
21184,2
21167,2
17558,2
17560,2
21198,2
17564,2
21209,2
17567,2
21202,2
21131,2
17572,2
21219,2
21254,2
21241,2
21215,2
17580,2
21266,2
17583,2
21273,2
17592,2
21288,2
21281,2
21269,2
21256,2
21214,2
21130,2
20981,2
17604,2
20639,2
20105,2
21352,2
21334,2
21321,2
21303,2
17615,2
21397,2
21409,2
17619,2
17621,2
17623,2
17624,2
21375,2
17633,2
21412,2
21358,2
21302,2
17652,2
21480,2
21462,2
17655,2
21522,2
17658,2
17659,2
17666,2
21541,2
21520,2
21487,2
17674,2
21557,2
21580,2
21579,2
17679,2
17680,2
21601,2
17687,2
21588,2
21551,2
17696,2
21300,2
17698,2
21614,2
21648,2
17704,2
17706,2
17709,2
17711,2
17713,2
21647,2
17720,2
21632,2
21613,2
17725,2
17726,2
21660,2
17735,2
17738,2
21706,2
21735,2
21730,2
21697,2
17745,2
21659,2
21608,2
17751,2
17752,2
21777,2
17754,2
21820,2
21779,2
17763,2
21742,2
17767,2
21836,2
17770,2
17777,2
21831,2
21894,2
17785,2
17786,2
17787,2
21908,2
21917,2
21900,2
21881,2
17795,2
17796,2
17801,2
21294,2
21984,2
21939,2
21930,2
21927,2
17808,2
21292,2
20102,2
17812,2
17815,2
17817,2
